,Name,Sector,City,Phone,Email,Lat-Long
8402,Ranjeet Shelar Photography,Companies(Private),Mumbai,,,
8403,Suhana Vision,Companies(Private),Mumbai,8904079069.0,,
8404,Amit Tiwari Photography,Companies(Private),Mumbai,9972259594.0,,
8405,Nms Icon,Companies(Private),Mumbai,7405976075.0,,
8406,Dayanand Singh & Associates,Companies(Private),Mumbai,,,
8407,Nitin Sapkale,Companies(Private),Mumbai,,,
8408,Darshan Digital Mumbai,Companies(Private),Mumbai,,,
8409,Speedone Services Pvt Ltd,Companies(Private),Mumbai,,,
8410,Digitech Color Lab,Companies(Private),Mumbai,9845216656.0,,
8411,Memories 4 Ever Opc Pvt Ltd,Companies(Private),Mumbai,,,
8412,Metropolis Healthcare Ltd,Companies(Private),Mumbai,9036682661.0,,
8413,Pandey Infotech Pvt Ltd.,Companies(Private),Mumbai,7947464994.0,,
8414,Swiggy.com,Companies(Private),Mumbai,,,
8415,Zomato.com,Companies(Private),,,,
8416,Stock Holding Corporation Of INDIA Ltd (Registered Office),Companies(Private),Mumbai,,,
8417,Snp Photography,Companies(Private),Mumbai,,,
8418,Makaan Aur Dukaan,Companies(Private),Mumbai,,,
8419,Aakruti Architects And Interior Designers,Companies(Private),Mumbai,,,
8420,Dg Note Technologies Pvt Ltd,Companies(Private),Mumbai,,,
8421,Red Caption Entertainment,Companies(Private),Mumbai,,,
8422,Blue Ocean Resort & Spa (Corporate Office),Companies(Private),Mumbai,,,
8423,Mahindra Finance,Companies(Private),Mumbai,,,
8424,Amazing Focus,Companies(Private),Mumbai,,,
8425,Prakash Ravatale & Associates,Companies(Private),Mumbai,,,
8426,Capgemini Technology Services INDIA Ltd,Companies(Private),Mumbai,,,
8427,Accenture Services Pvt Ltd,Companies(Private),Mumbai,,,
8428,Accenture Services Pvt Ltd,Companies(Private),Mumbai,,,
8429,Tata Consultancy Services Ltd,Companies(Private),Mumbai,,,
8430,Tata Consultancy Services Ltd,Companies(Private),Mumbai,,,
8431,Tata Consultancy Services Ltd,Companies(Private),Mumbai,,,
8432,Tech Mahindra Ltd,Companies(Private),Mumbai,,,
8433,TATA Consultancy Services Ltd,Companies(Private),Mumbai,,,
8434,Hire Glocal,Companies(Private),Mumbai,,,
8435,Hexaware Technologies Ltd (Corporate Office),Companies(Private),Mumbai,,,
8436,Cognizant Technology Solutions India Pvt Ltd (Corporate Office),Companies(Private),Mumbai,,,
8437,Clover Infotech Pvt Ltd (Corporate Office),Companies(Private),Mumbai,,,
8438,Gep Solutions Pvt Ltd,Companies(Private),Mumbai,,,
8439,3i Infotech Ltd (Registered Office),Companies(Private),Mumbai,,,
8440,Rolta India Ltd (Central & Registered Office),Companies(Private),Mumbai,,,
8441,Genesys International Corporation Ltd (Head Office),Companies(Private),Mumbai,,,
8442,Span Labs,Companies(Private),Mumbai,,,
8443,Tata Consultancy Services Ltd,Companies(Private),Mumbai,,,
8444,Tata Consultancy Services Ltd,Companies(Private),Mumbai,,,
8445,Intellect Design Arena Limited,Companies(Private),Mumbai,,,
8446,Glenmark Pharmaceuticals Ltd (Corporate Office),Companies(Private),Mumbai,,,
8447,Abbott Healthcare Pvt Ltd (Corporate Office),Companies(Private),Mumbai,,,
8448,Foncer Pharma Pvt Ltd,Companies(Private),Mumbai,,,
8449,Microglen Remedies,Companies(Private),Mumbai,,,
8450,Monark Biocare Pvt Ltd,Companies(Private),Mumbai,8401960935.0,,
8451,V Revive Medicure Pvt. Ltd.,Companies(Private),Mumbai,8401614953.0,,
8452,Sun Pharmaceutical Industries Ltd (Corporate Office),Companies(Private),Mumbai,,,
8453,Cipla Ltd,Companies(Private),Mumbai,,,
8454,Johnson & Johnson Pvt. Ltd. (Corporate Office),Companies(Private),Mumbai,,,
8455,Ipca Laboratories Ltd (Corporate Office),Companies(Private),Mumbai,,,
8456,Pfizer India Ltd (Head Office),Companies(Private),Mumbai,,,
8457,Usv Pvt Ltd,Companies(Private),Mumbai,,,
8458,Cipla Ltd (Registered Office),Companies(Private),Mumbai,,,
8459,Wellness Forever (Corporate Office),Companies(Private),Mumbai,,,
8460,Medley Pharmaceuticals Ltd (Corporate Office),Companies(Private),Mumbai,,,
8461,Zydas Health Care Ltd,Companies(Private),Mumbai,,,
8462,Unichem Laboratories Ltd (Corporate & Registered Office),Companies(Private),Mumbai,,,
8463,Merck Serono Ltd,Companies(Private),Mumbai,,,
8464,Blue Cross Laboratories Ltd (Corporate Office),Companies(Private),Mumbai,,,
8465,Adv. Daksha M Shah,Companies(Private),Mumbai,9972339564.0,,
8466,Erocketmall Online Asia Ltd,Companies(Private),Mumbai,,,
8467,Brother International India Pvt Ltd (Head Office),Companies(Private),Mumbai,,,
8468,Dksh India Pvt Ltd,Companies(Private),Mumbai,,,
8469,Igate Computer Systems Ltd,Companies(Private),Mumbai,,,
8470,A T Kearney INDIA Ltd,Companies(Private),Mumbai,,,
8471,YRSK Marketing & Branding Solutions Pvt Ltd,Companies(Private),Mumbai,,,
8472,Orange Business Consultants,Companies(Private),Mumbai,,,
8473,G.E Office,Companies(Private),Mumbai,,,
8474,Emudhra Digital Signature,Companies(Private),Mumbai,,,
8475,Mnc Ltd,Companies(Private),,,,
8476,Pcs Industries Ltd,Companies(Private),Mumbai,,,
8477,S & S Infotech & Software Pvt Ltd,Companies(Private),Mumbai,,,
8478,Arkema,Companies(Private),Mumbai,,,
8479,New United Metal & Engg Works,Companies(Private),Mumbai,,,
8480,Cushman & Wakefield,Companies(Private),Pune,,,
8481,Bloom Combustion INDIA Pvt Ltd,Companies(Private),Pune,,,
8482,Ascort Translink Ind Pvt Ltd,Companies(Private),Pune,,,
8483,Cassiopae,Companies(Private),Pune,,,
8484,Regus - Mumbai Navi Mumbai Vashi,· Office rental agency,Thane,,,
8485,GRACE CONTAINERLINES,· Corporate office,Thane,,,
8486,DuxLegis Attorney,· Corporate office,Thane,,,
8487,Aastha sanjivnee,· Corporate office,Thane,,,
8488,Renucorp Pvt Ltd-Mumbai Corporate Office,· Corporate office,Thane,,,
8489,HEERA GROUP CORPORATE OFFICE,· Corporate office,Thane,,,
8490,The Corporate Park,· Corporate office,Thane,,,
8491,Saraswat Infotech - Corporate Office,· Corporate office,Thane,,,
8492,Hindustan Unilever Limited,· Corporate office,Thane,,,
8493,Office,· Corporate office,Thane,,,
8494,Office,· Corporate office,Thane,,,
8495,Navi Mumbai Municipal Corporation Office,· Corporate office,Thane,,,
8496,Aviyana Brand Experts,· Corporate office,Thane,,,
8497,Prabhat Dairy Ltd (Corporate Office),· Corporate office,Thane,,,
8498,The Crown,· Corporate office,Thane,,,
8499,Space Cellular Private Limited.,· Corporate office,Thane,,,
8500,UtilizeCore India Private Limited,· Corporate office,Thane,,,
8501,mumbai office,· Corporate office,Thane,,,
8502,Osjva Group,· Corporate office,Thane,,,
8503,The Cotton Corporation of India Ltd.,· Corporate office,Thane,,,
8504,Office,· Corporate office,Thane,,,
8505,"Regus - Supreme Business Park, Powai",· Office rental agency,Thane,,,
8506,Cidco BPR& H O Office,· Corporate office,Thane,,,
8507,Business Information Systems,· Corporate office,Thane,,,
8508,Maharashtra Belapur,· Corporate office,Thane,,,
8509,Bajaj Office,· Corporate office,Thane,,,
8510,Professional Worldwide Logistics (India) Private Limited,· Corporate office,Thane,,,
8511,SAMTROD SYSTEMS,· Corporate office,Thane,,,
8512,LeadPro ERP/CRM,· Corporate office,Thane,,,
8513,Professional Worldwide Logistics (India) Private Limited,· Corporate office,Thane,,,
8514,Amaju Secure Sure Pvt Ltd.,· Corporate office,Thane,,,
8515,Spectrum Techno Office,· Corporate office,Thane,,,
8516,Home Solution,· Corporate office,Thane,,,
8517,ISO 9001 Software - MyEasyISO,· Corporate office,Thane,,,
8518,Creative baron,· Corporate office,Thane,,,
8519,Regus - Mumbai Navi Mumbai Vashi,· Office rental agency,Thane,,,
8520,Aviyana Ventures Pvt. Ltd.,· Corporate office,Thane,,,
8521,Registered Office,· Corporate office,Thane,,,
8522,Greatermen India Kharghar Branch,· Corporate office,Thane,,,
8523,kautilya Wel Man and Fin Con,· Corporate office,Thane,,,
8524,Turbhe Office ERP CENTER,· Corporate office,Thane,,,
8525,Oceanworld Technologies,· Corporate office,Thane,,,
8526,CIDCO CONCRETE PLANT,· Corporate office,Thane,,,
8527,Mahape office,· Corporate office,Thane,,,
8528,ISHAAN ENTERPRISES,· Corporate office,Thane,,,
8529,TRUSSTECHDESIGN SERVICES,· Corporate office,Thane,,,
8530,Esditech Engineering company Private Limited,· Corporate office,Thane,,,
8531,Sohani Chemicals Private Limited,· Corporate office,Thane,,,
8532,Max dream office,· Corporate office,Thane,,,
8533,AP Infra,· Corporate office,Thane,,,
8534,Real Estate consultant & Builder Developer,· Corporate office,Thane,,,
8535,Aviyana Academy,· Corporate office,Thane,,,
8536,Dev Office,· Corporate office,Thane,,,
8537,Professional Worldwide Logistics (India) Private Limited,· Corporate office,Thane,,,
8538,Fleet Office,· Corporate office,Thane,,,
8539,Sriji Heights,· Corporate office,Thane,,,
8540,Regus - Mumbai Navi Mumbai Vashi,· Office rental agency,Thane,,,
8541,Business Information Systems,· Corporate office,Thane,,,
8542,Maharashtra Belapur,· Corporate office,Thane,,,
8543,Bajaj Office,· Corporate office,Thane,,,
8544,Professional Worldwide Logistics (India) Private Limited,· Corporate office,Thane,,,
8545,SAMTROD SYSTEMS,· Corporate office,Thane,,,
8546,LeadPro ERP/CRM,· Corporate office,Thane,,,
8547,Professional Worldwide Logistics (India) Private Limited,· Corporate office,Thane,,,
8548,Amaju Secure Sure Pvt Ltd.,· Corporate office,Thane,,,
8549,Spectrum Techno Office,· Corporate office,Thane,,,
8550,Home Solution,· Corporate office,Thane,,,
8551,ISO 9001 Software - MyEasyISO,· Corporate office,Thane,,,
8552,Creative baron,· Corporate office,Thane,,,
8553,Regus - Mumbai Navi Mumbai Vashi,· Office rental agency,Thane,,,
8554,Cidco BPR& H O Office,· Corporate office,Thane,,,
8555,Business Information Systems,· Corporate office,Thane,,,
8556,Maharashtra Belapur,· Corporate office,Thane,,,
8557,Bajaj Office,· Corporate office,Thane,,,
8558,Professional Worldwide Logistics (India) Private Limited,· Corporate office,Thane,,,
8559,SAMTROD SYSTEMS,· Corporate office,Thane,,,
8560,LeadPro ERP/CRM,· Corporate office,Thane,,,
8561,Professional Worldwide Logistics (India) Private Limited,· Corporate office,Thane,,,
8562,Amaju Secure Sure Pvt Ltd.,· Corporate office,Thane,,,
8563,Spectrum Techno Office,· Corporate office,Thane,,,
8564,Home Solution,· Corporate office,Thane,,,
8565,ISO 9001 Software - MyEasyISO,· Corporate office,Thane,,,
8566,Creative baron,· Corporate office,Thane,,,
8567,Regus - Mumbai Navi Mumbai Vashi,· Office rental agency,Thane,,,
8568,Greatermen India Kharghar Branch,· Corporate office,Thane,,,
8569,kautilya Wel Man and Fin Con,· Corporate office,Thane,,,
8570,Turbhe Office ERP CENTER,· Corporate office,Thane,,,
8571,Oceanworld Technologies,· Corporate office,Thane,,,
8572,CIDCO CONCRETE PLANT,· Corporate office,Thane,,,
8573,Mahape office,· Corporate office,Thane,,,
8574,ISHAAN ENTERPRISES,· Corporate office,Thane,,,
8575,TRUSSTECHDESIGN SERVICES,· Corporate office,Thane,,,
8576,Esditech Engineering company Private Limited,· Corporate office,Thane,,,
8577,Sohani Chemicals Private Limited,· Corporate office,Thane,,,
8578,Max dream office,· Corporate office,Thane,,,
8579,AP Infra,· Corporate office,Thane,,,
8580,Real Estate consultant & Builder Developer,· Corporate office,Thane,,,
8581,Aviyana Academy,· Corporate office,Thane,,,
8582,Dev Office,· Corporate office,Thane,,,
8583,Professional Worldwide Logistics (India) Private Limited,· Corporate office,Thane,,,
8584,Fleet Office,· Corporate office,Thane,,,
8585,Sriji Heights,· Corporate office,Thane,,,
8586,Company,· Corporate office,Thane,,,
8587,Cidco BPR& H O Office,· Corporate office,Thane,,,
8588,Regus - Mumbai Navi Mumbai Vashi,· Office rental agency,Thane,,,
8589,Business Information Systems,· Corporate office,Thane,,,
8590,Maharashtra Belapur,· Corporate office,Thane,,,
8591,Bajaj Office,· Corporate office,Thane,,,
8592,Professional Worldwide Logistics (India) Private Limited,· Corporate office,Thane,,,
8593,SAMTROD SYSTEMS,· Corporate office,Thane,,,
8594,LeadPro ERP/CRM,· Corporate office,Thane,,,
8595,Professional Worldwide Logistics (India) Private Limited,· Corporate office,Thane,,,
8596,Amaju Secure Sure Pvt Ltd.,· Corporate office,Thane,,,
8597,Spectrum Techno Office,· Corporate office,Thane,,,
8598,Home Solution,· Corporate office,Thane,,,
8599,ISO 9001 Software - MyEasyISO,· Corporate office,Thane,,,
8600,Creative baron,· Corporate office,Thane,,,
8601,"Regus - Supreme Business Park, Powai",· Office rental agency,Thane,,,
8602,Corporate Office,· Corporate office,Thane,,,
8603,Enrich Corporate Office,· Corporate office,Thane,,,
8604,Head office,· Corporate office,Thane,,,
8605,Havells Mumbai Office,· Corporate office,Thane,,,
8606,Corporate Office,· Corporate office,Thane,,,
8607,BKC Office,· Corporate office,Thane,,,
8608,Raheja Corporate office,· Corporate office,Thane,,,
8609,Office,· Corporate office,Thane,,,
8610,Office,· Corporate office,Thane,,,
8611,Office,· Corporate office,Thane,,,
8612,Office,· Corporate office,Thane,,,
8613,Corporate Office,· Corporate office,Thane,,,
8614,Office company,· Corporate office,Thane,,,
8615,Mumbai Office,· Corporate office,Thane,,,
8616,Office,· Corporate office,Thane,,,
8617,Office,· Corporate office,Thane,,,
8618,Office,· Corporate office,Thane,,,
8619,Office,· Corporate office,Thane,,,
8620,Office,· Corporate office,Thane,,,
8621,Tirupati Corporate Office,· Corporate office,Thane,,,
8622,Window Expert Industries Pvt. Ltd.,· Corporate office,Thane,,,
8623,We Fast Office,· Corporate office,Thane,,,
8624,Air India Express Commercial,· Corporate office,Thane,,,
8625,Neelakanth Business Park,· Corporate office,Thane,,,
8626,PRABHAT KHABAR,· Corporate office,Thane,,,
8627,Telecomm Complex,· Corporate office,Thane,,,
8628,UdyogeIndia,· Corporate office,Thane,,,
8629,Alfa Pharma,· Corporate office,Thane,,,
8630,Kishor jadhav,· Corporate office,Thane,,,
8631,AGS LIFECARE PVT. LTD,· Corporate office,Thane,,,
8632,D D Shah Fragrances Pvt Ltd,· Corporate office,Thane,,,
8633,Mirae Asset Capital Markets (India) Pvt Ltd,· Corporate office,Thane,,,
8634,Shaiz Pharma,· Corporate office,Thane,,,
8635,Jai Kisan,· Corporate office,Thane,,,
8636,Nutragenix Healthcare Pvt Ltd.,· Corporate office,Thane,,,
8637,Offices on Rent in Andheri - Access Serviced Offices,· Corporate office,Thane,,,
8638,Mumbai office,· Back Office,Thane,,,
8639,KBC OFFICIAL PRIZE,· Corporate office,Thane,,,
8640,Azmarq Technovation Pvt.Ltd. Mumbai Office,· Corporate office,Thane,,,
8641,Anaika Industry,· Corporate office,Thane,,,
8642,snapdeal lucky draw,· Corporate office,Thane,,,
8643,Star Coworking - Coworking space in Andheri East,· Co-working Space,Thane,,,
8644,DMart Corporate Office,· Corporate office,Thane,,,
8645,LODHA iThink,· Corporate office,Thane,,,
8646,TATA Office,· Corporate office,Thane,,,
8647,Thane office,· Corporate office,Thane,,,
8648,Telford Projects,· Corporate office,Thane,,,
8649,Kamal Lifes Science,· Corporate office,Thane,,,
8650,Kalpataru Thane Central Office,· Corporate office,Thane,,,
8651,Office No.2,· Corporate office,Thane,,,
8652,Highland Corporate Center,· Corporate office,Thane,,,
8653,OCS Group India Pvt. Ltd,· Corporate office,Thane,,,
8654,Office 2,· Corporate office,Thane,,,
8655,Vintex Tensile Solutions Pvt. Ltd,· Corporate office,Thane,,,
8656,Cybertech Head Office,· Corporate office,Thane,,,
8657,Foodland Corporate Office,· Corporate office,Thane,,,
8658,Orion Business Park,· Corporate office,Thane,,,
8659,L Mahendra Head Office,· Corporate office,Thane,,,
8660,thane,· Corporate office,Thane,,,
8661,Temp office,· Corporate office,Thane,,,
8662,HR International Office,· Corporate office,Thane,,,
8663,Anu tata office,· Corporate office,Thane,,,
8664,Varshasookt Consultants,· Corporate office,Thane,,,
8665,Maharashtra PWD Office,· Corporate office,Thane,,,
8666,Omkar Engineers,· Corporate office,Thane,,,
8667,SHRI DTC LOGISTICS,· Corporate office,Thane,,,
8668,Texum Buildtech Pvt Ltd,· Corporate office,Thane,,,
8669,Surabhi Realtor,· Corporate office,Thane,,,
8670,Shree Gauranga's Foundation Trust,· Corporate office,Thane,,,
8671,शिल्पकार चव्हान महादेव,· Corporate office,Thane,,,
8672,KDMC J(4) ward office,· Corporate office,Thane,,,
8673,Wholesale A To Z,· Corporate office,Thane,,,
8674,ITJEWELERS,· Corporate office,Thane,,,
8675,Will shine healthcare private limited,· Corporate office,Thane,,,
8676,Tathastu Real Estate,· Corporate office,Thane,,,
8677,Ui Ux design agency,· Corporate office,Thane,,,
8678,Kaivalya Education Foundation,· Corporate office,Thane,,,
8679,interface design associates,· Corporate office,Thane,,,
8680,RSJ Inspection Service Ltd,· Corporate office,Thane,,,
8681,U.J.BHANDARI & ASSOCIATES CHARTERED ACCOUNTANTS,· Corporate office,Thane,,,
8682,Shree Engineering Works,· Corporate office,Thane,,,
8683,Parm & Advisory LLP,· Corporate office,Thane,,,
8684,Thane Corporate Service,· Real Estate Builders & Construction Company,Thane,,,
8685,Regus - Mumbai Thane,· Office rental agency,Thane,,,
8686,DMart Corporate Office,· Corporate office,Thane,,,
8687,Lodha business district,· Corporate office,Thane,,,
8688,LODHA iThink,· Corporate office,Thane,,,
8689,Thane office,· Corporate office,Thane,,,
8690,TATA Office,· Corporate office,Thane,,,
8691,Omega Business Park,· Corporate office,Thane,,,
8692,Kalpataru Thane Central Office,· Corporate office,Thane,,,
8693,Thanawala Group of Companies,· Corporate office,Thane,,,
8694,Office No.2,· Corporate office,Thane,,,
8695,Divine Connections,· Corporate office,Thane,,,
8696,Nucleus Corporate Services Private Limited,· Corporate office,Thane,,,
8697,Highland Corporate Center,· Corporate office,Thane,,,
8698,Indian Corporation Group,· Corporate office,Thane,,,
8699,Office 2,· Corporate office,Thane,,,
8700,Rainbow international head office,· Corporate office,Thane,,,
8701,Meeting office,· Corporate office,Thane,,,
8702,United Business Park,· Corporate office,Thane,,,
8703,Puranik Builders Ltd. (Corporate Office),· Corporate office,Thane,,,
8704,Patlipada Thane,· Corporate office,Thane,,,
8705,Cybertech Head Office,· Corporate office,Thane,,,
8706,Kirsha Plaza,· Corporate office,Thane,,,
8707,Pradnya Group Of Companies,· Corporate campus,Thane,,,
8708,Leafior,· Corporate office,Thane,,,
8709,CAMPUS - CORPORATE,· Student career counseling office,Thane,,,
8710,Panacea,· Corporate office,Thane,,,
8711,Kane’s garage,· Corporate office,Thane,,,
8712,Mach1 bradband,· Corporate office,Thane,,,
8713,ICAN BPO,· BPO Company,Thane,,,
8714,"Corporate Office, Mulund West",· Corporate office,Thane,,,
8715,JRW Movers Relocation Packers and Movers,· Corporate office,Thane,,,
8716,MBC Park,· Educational testing service,Thane,,,
8717,Signette Ceramic Plus,· Corporate office,Thane,,,
8718,Consult Credence,· Corporate office,Thane,,,
8719,Deepti Tangri Associates,· Corporate office,Thane,,,
8720,"Shree Swami Samarth Bunglow, Madhavi Compound , Waghbhil",· Corporate office,Thane,,,
8721,Quantachrome India,· Corporate office,Thane,,,
8722,A S AGRI AND AQUA LLP,· Corporate office,Thane,,,
8723,NIKOLAS ELECTRIC BIKE LLP,· Corporate office,Thane,,,
8724,Mechas Control System,· Corporate office,Thane,,,
8725,Vega Enterprises,· Corporate office,Thane,,,
8726,Redbrick Offices Ltd,· Office space rental agency,Thane,,,
8727,Thane DC Office,· Office space rental agency,Thane,,,
8728,Teemant Technologies Pvt Ltd- Office,· Back Office,Thane,,,
8729,Thane office,· Association or organization,Thane,,,
8730,Click Group Of Companies,· Business management consultant,Thane,,,
8731,Redbrick Offices - NITCO,· Coworking space,Thane,,,
8732,OFFICE SPACES,· Apartment building,Thane,,,
8733,Redbrick Offices - Lodha iThink,· Coworking space,Thane,,,
8734,Gatik HR Consulting Services LLP,· Corporate office,Thane,,,
8735,Runwal Sales Office - Thane,· Real estate agency,Thane,,,
8736,"Regus - Mumbai, Hiranandani - Thane",· Office space rental agency,Thane,,,
8737,Ascend Cowork - Thane,· Coworking space,Thane,,,
8738,My Cute Office Affordable Co-Working,· Coworking space,Thane,,,
8739,"Thane Municipal Corporation, Thane",· Municipal Corporation,Thane,,,
8740,Commercial offices Wagle Estate,· Company registry,Thane,,,
8741,National college,· Corporate office,Thane,,,
8742,Southern Car Transport Thane,· Corporate office,Thane,,,
8743,Thane Corporate Service,· Real Estate Builders & Construction Company,Thane,,,
8744,Kapish Jewels,· Corporate office,Thane,,,
8745,New Office,· Back Office,Thane,,,
8746,Electronica Plastic Machines Ltd,· Corporate office,Thane,,,
8747,Goodluck Metal Crafts,· Corporate office,Thane,,,
8748,Shree Mahalaxmi Enterprise,· Corporate office,Thane,,,
8749,OFFICE,· Office Accessories Wholesaler,Thane,,,
8750,Corporation Bank - Zonal Office,· Bank,Thane,,,
8751,RFID Tags and Services,· Corporate office,Thane,,,
8752,Office Temp,· Back Office,Thane,,,
8753,Redbrick Offices Ltd,· Office space rental agency,Thane,,,
8754,Thane DC Office,· Office space rental agency,Thane,,,
8755,Teemant Technologies Pvt Ltd- Office,· Back Office,Thane,,,
8756,Thane office,· Association or organization,Thane,,,
8757,Click Group Of Companies,· Business management consultant,Thane,,,
8758,OSrXXb,rllt__details,Thane,,,
8759,Microwave Building,· Corporate office,Thane,,,
8760,Better Blings,· Corporate office,Thane,,,
8761,Neha Karekar & Associates,· Corporate office,Thane,,,
8762,Coppergate Consultancy Pvt ltd,· Corporate office,Thane,,,
8763,TEAMLabs,· Corporate office,Thane,,,
8764,Anil Enterprises,· Corporate office,Thane,,,
8765,MKAT SOLUTIONS,· Corporate office,Thane,,,
8766,KLENGAS TECH LLP (THANE OFFICE),· Corporate office,Thane,,,
8767,Conventional Business Solution Private Limited,· Corporate office,Thane,,,
8768,Technovision engineers,· Corporate office,Thane,,,
8769,SEA OCEAN INDIA PVT LTD,· Corporate office,Thane,,,
8770,Spink Green Energy - Solar Company,· Corporate office,Thane,,,
8771,Status Facility Management Pvt Ltd,· Corporate office,Thane,,,
8772,Team VGA,· Corporate office,Thane,,,
8773,Naturextrakte Biotech Pvt. Ltd,· Corporate office,Thane,,,
8774,Spink Controls,· Corporate office,Thane,,,
8775,Wellisa Wellcare,· Corporate office,Thane,,,
8776,C&I Group (Civil Contractor & PMC Consultant),· Corporate office,Thane,,,
8777,"Old Customs Office ,Thane",· Corporate office,Thane,,,
8778,Prabhav,· Corporate office,Thane,,,
8779,Nikam printers,· Corporate office,Thane,,,
8780,Vanvasi kalyan ashram maharashtra Thane city office,· Corporate office,Thane,,,
8781,The Unique Media Solutions,· Corporate office,Thane,,,
8782,Public Health Department,· Corporate office,Thane,,,
8783,Yashodeep building,· Corporate office,Thane,,,
8784,DK Digital Marketing Services,· Corporate office,Thane,,,
8785,bhoir building(walk in interview),· Corporate office,Thane,,,
8786,Projector Rental,· Corporate office,Thane,,,
8787,sanskruti's Goa2,· Corporate office,Thane,,,
8788,Data Link Consaltancy,· Corporate office,Thane,,,
8789,22 KV WALMIKI FDR RMU,· Corporate office,Thane,,,
8790,Suyash Multitrade Private Limited,· Corporate office,Thane,,,
8791,skynet secure solutions,· Corporate office,Thane,,,
8792,StrucSpace Engineering & Design Solutions,· Corporate office,Thane,,,
8793,Arythmancy Infotech LLP,· Corporate office,Thane,,,
8794,"Rationing & Licenceing Office, Thane",· Corporate office,Thane,,,
8795,Attest Direct Center,· Corporate office,Thane,,,
8796,Aadnya Capital Pvt. Ltd.,· Corporate office,Thane,,,
8797,Siddhi Publications,· Corporate office,Thane,,,
8798,Kathote house,· Corporate office,Thane,,,
8799,K & S Investment,· Corporate office,Thane,,,
8800,Aarnikar Remedies,· Corporate office,Thane,,,
8801,Angel facade,· Corporate office,Thane,,,
8802,Hungry Man Hospitality Services,· Corporate office,Thane,,,
